transaction_id,store_name,city,state,region,product_name,category,supplier_country,quantity,unit_price,total_amount,transaction_date
TXN00303,Tampa Store #26,Tampa,FL,SOUTH,Product SKU0044,Electronics,Brazil,13,152.23,1978.9899999999998,2024-02-07
TXN00451,Chicago Store #22,Chicago,IL,CENTRAL,Product SKU0038,SPORTS,,17,79.62,1353.54,2024-01-13
TXN00357,Rockford Store #30,Rockford,IL,CENTRAL,Product SKU0046,Electronics,,10,346.69,3466.9,2024-11-23
TXN00193,New York Store #5,New York,NY,EAST,Product SKU0044,Electronics,Brazil,16,38.23,611.68,2024-02-13
TXN00409,Newark Store #7,Newark,NJ,EAST,Product SKU0040,sports,Germany,17,129.95,2209.1499999999996,2024-06-30
TXN00453,Austin Store #11,Austin,TX,CENTRAL,Product SKU0030,toys,,7,262.95,1840.6499999999999,2024-06-27
TXN00300,Durham Store #28,Durham,NC,EAST,Product SKU0002,toys,,3,27.5,82.5,2024-11-24
TXN00414,San Francisco Store #14,San Francisco,CA,WEST,Product SKU0042,toys,Germany,11,285.1,3136.1000000000004,2024-02-18
TXN00087,San Francisco Store #14,San Francisco,CA,WEST,Product SKU0024,Home & Kitchen,,15,355.12,5326.8,2024-08-10
TXN00418,Jersey City Store #19,Jersey City,NJ,EAST,Product SKU0010,ELECTRONICS,,13,464.79,6042.27,2024-06-02
TXN00076,San Diego Store #27,San Diego,CA,WEST,Product SKU0027,Sports,,9,418.28,3764.5199999999995,2024-08-28
TXN00463,Spokane Store #12,Spokane,WA,WEST,,sports,,15,310.59,4658.849999999999,2024-12-10
TXN00332,Albany Store #21,Albany,,UNKNOWN,,APPAREL,,9,306.99,2762.91,2024-04-08
TXN00334,Newark Store #7,Newark,NJ,EAST,,APPAREL,,16,161.94,2591.04,2024-06-27
TXN00419,Tampa Store #8,Tampa,FL,SOUTH,Product SKU0037,Sports,,13,340.13,4421.69,2024-10-03
TXN00091,Orlando Store #13,Orlando,FL,SOUTH,Product SKU0022,toys,,1,249.68,249.68,2024-06-15
TXN00243,Miami Store #6,,FL,SOUTH,,APPAREL,,20,405.48,8109.6,2024-03-25
TXN00066,San Francisco Store #23,San Francisco,CA,WEST,Product SKU0010,ELECTRONICS,,7,36.79,257.53,2024-07-27
TXN00202,Jersey City Store #10,,NJ,EAST,Product SKU0022,toys,,12,8.02,96.24,2024-03-14
TXN00175,Chicago Store #22,Chicago,IL,CENTRAL,Product SKU0024,Home & Kitchen,,18,451.34,8124.12,2024-11-26
TXN00288,Miami Store #6,,FL,SOUTH,Product SKU0046,Electronics,,6,397.88,2387.2799999999997,2024-09-17
TXN00323,Chicago Store #22,Chicago,IL,CENTRAL,Product SKU0008,Apparel,,14,293.93,4115.02,2024-12-18
TXN00326,Tampa Store #20,Tampa,FL,SOUTH,Product SKU0050,electronics,,13,78.15,1015.95,2024-12-14
TXN00359,Cincinnati Store #24,Cincinnati,OH,CENTRAL,Product SKU0039,SPORTS,Brazil,12,210.84,2530.08,2024-10-08
TXN00456,Tampa Store #26,Tampa,FL,SOUTH,Product SKU0011,ELECTRONICS,Germany,8,260.42,2083.36,2024-10-09
TXN00270,Miami Store #2,Miami,FL,SOUTH,Product SKU0049,Apparel,Brazil,7,146.62,1026.3400000000001,2024-01-25
TXN00207,San Diego Store #3,,CA,WEST,Product SKU0018,Sports,,15,332.66,4989.900000000001,2024-09-05
TXN00039,Durham Store #28,Durham,NC,EAST,Product SKU0003,Apparel,,16,115.1,1841.6,2024-08-23
TXN00295,New York Store #5,New York,NY,EAST,Product SKU0020,electronics,Germany,6,85.17,511.02,2024-12-29
TXN00109,Jersey City Store #19,Jersey City,NJ,EAST,Product SKU0028,SPORTS,,10,286.47,2864.7000000000003,2024-01-31
TXN00228,Tampa Store #26,Tampa,FL,SOUTH,Product SKU0037,Sports,,7,164.16,1149.12,2024-08-31
TXN00010,Cincinnati Store #24,Cincinnati,OH,CENTRAL,,toys,,4,35.0,140.0,2024-06-22
TXN00167,Orlando Store #13,Orlando,FL,SOUTH,Product SKU0041,ELECTRONICS,,12,58.63,703.5600000000001,2024-04-29
TXN00099,Newark Store #7,Newark,NJ,EAST,Product SKU0021,SPORTS,Germany,4,372.73,1490.92,2024-12-19
TXN00310,Spokane Store #15,Spokane,,UNKNOWN,Product SKU0032,electronics,,10,251.2,2512.0,2024-02-16
TXN00059,San Francisco Store #23,San Francisco,CA,WEST,,home & kitchen,,15,29.86,447.9,2024-05-07
TXN00403,Los Angeles Store #1,Los Angeles,CA,WEST,Product SKU0027,Sports,,5,422.06,2110.3,2024-04-28
TXN00166,San Diego Store #18,San Diego,CA,WEST,Product SKU0008,Apparel,,15,187.45,2811.75,2024-12-10
TXN00489,San Francisco Store #23,San Francisco,CA,WEST,,sports,,3,398.86,1196.58,2024-07-22
TXN00422,San Diego Store #3,,CA,WEST,Product SKU0022,toys,,20,385.66,7713.200000000001,2024-10-31
TXN00157,Los Angeles Store #1,Los Angeles,CA,WEST,Product SKU0037,Sports,,2,455.76,911.52,2024-09-11
TXN00158,Tampa Store #26,Tampa,FL,SOUTH,Product SKU0015,Home & Kitchen,Brazil,20,401.96,8039.2,2024-04-22
TXN00154,Albany Store #21,Albany,,UNKNOWN,Product SKU0028,SPORTS,,9,231.13,2080.17,2024-06-03
TXN00240,Chicago Store #16,Chicago,IL,CENTRAL,Product SKU0013,Sports,,8,499.99,3999.92,2024-03-20
TXN00015,Los Angeles Store #1,Los Angeles,CA,WEST,Product SKU0025,sports,,9,463.63,4172.67,2024-08-20
TXN00171,Orlando Store #13,Orlando,FL,SOUTH,Product SKU0030,toys,,12,336.89,4042.68,2024-12-22
TXN00122,San Diego Store #27,San Diego,CA,WEST,Product SKU0032,electronics,,3,237.66,712.98,2024-07-28
TXN00100,Newark Store #7,Newark,NJ,EAST,Product SKU0048,Apparel,,16,141.87,2269.92,2024-10-28
TXN00427,Orlando Store #13,Orlando,FL,SOUTH,Product SKU0021,SPORTS,Germany,12,57.74,692.88,2024-01-03
TXN00420,Dallas Store #25,Dallas,TX,CENTRAL,Product SKU0048,Apparel,,5,396.3,1981.5,2024-12-18
TXN00148,Los Angeles Store #1,Los Angeles,CA,WEST,Product SKU0003,Apparel,,11,399.09,4389.99,2024-05-30
TXN00457,San Diego Store #18,San Diego,CA,WEST,Product SKU0028,SPORTS,,15,119.77,1796.55,2024-07-26
TXN00474,San Diego Store #4,San Diego,CA,WEST,Product SKU0037,Sports,,4,137.61,550.44,2024-10-05
TXN00430,Spokane Store #12,Spokane,WA,WEST,Product SKU0036,Sports,Germany,3,300.48,901.44,2024-06-15
TXN00364,Chicago Store #22,Chicago,IL,CENTRAL,Product SKU0014,Toys,Brazil,19,246.97,4692.43,2024-09-18
TXN00482,Chicago Store #22,Chicago,IL,CENTRAL,Product SKU0007,sports,,5,481.57,2407.85,2024-07-29
TXN00484,San Francisco Store #23,San Francisco,CA,WEST,Product SKU0021,SPORTS,Germany,8,381.93,3055.44,2024-12-12
TXN00252,Spokane Store #12,Spokane,WA,WEST,Product SKU0002,toys,,14,31.36,439.03999999999996,2024-09-14
TXN00095,Albany Store #21,Albany,,UNKNOWN,Product SKU0046,Electronics,,16,226.85,3629.6,2024-01-09
TXN00344,Albany Store #21,Albany,,UNKNOWN,,toys,,3,327.89,983.67,2024-04-28
TXN00389,Miami Store #2,Miami,FL,SOUTH,Product SKU0005,Home & Kitchen,,7,403.3,2823.1,2024-10-27
TXN00401,Cincinnati Store #24,Cincinnati,OH,CENTRAL,Product SKU0035,Toys,,16,96.1,1537.6,2024-10-04
TXN00113,San Francisco Store #23,San Francisco,CA,WEST,Product SKU0019,electronics,,15,40.23,603.4499999999999,2024-04-29
TXN00094,Cincinnati Store #24,Cincinnati,OH,CENTRAL,Product SKU0027,Sports,,16,279.81,4476.96,2024-05-03
TXN00042,San Diego Store #27,San Diego,CA,WEST,Product SKU0035,Toys,,11,469.92,5169.12,2024-02-29
TXN00339,San Diego Store #18,San Diego,CA,WEST,,APPAREL,,9,72.95,656.5500000000001,2024-11-11
TXN00073,Los Angeles Store #1,Los Angeles,CA,WEST,Product SKU0026,Sports,,19,284.37,5403.03,2024-01-14
TXN00161,Jersey City Store #10,,NJ,EAST,Product SKU0021,SPORTS,Germany,14,91.94,1287.1599999999999,2024-03-08
TXN00063,Dallas Store #25,Dallas,TX,CENTRAL,Product SKU0016,Home & Kitchen,,9,384.08,3456.72,2024-09-23
TXN00319,Tampa Store #26,Tampa,FL,SOUTH,Product SKU0031,toys,,17,231.21,3930.57,2024-11-06
TXN00098,San Francisco Store #23,San Francisco,CA,WEST,Product SKU0030,toys,,9,156.78,1411.02,2024-04-28
TXN00285,Rockford Store #30,Rockford,IL,CENTRAL,Product SKU0032,electronics,,7,65.71,459.96999999999997,2024-02-07
TXN00464,Jersey City Store #10,,NJ,EAST,Product SKU0040,sports,Germany,19,46.95,892.0500000000001,2024-03-09
TXN00003,Newark Store #7,Newark,NJ,EAST,Product SKU0035,Toys,,7,357.91,2505.3700000000003,2024-07-23
TXN00200,San Diego Store #27,San Diego,CA,WEST,Product SKU0040,sports,Germany,20,339.11,6782.200000000001,2024-10-12
TXN00355,Jersey City Store #19,Jersey City,NJ,EAST,Product SKU0001,Apparel,,9,328.57,2957.13,2024-12-20
TXN00179,Newark Store #7,Newark,NJ,EAST,Product SKU0015,Home & Kitchen,Brazil,11,388.31,4271.41,2024-11-01
TXN00144,San Francisco Store #23,San Francisco,CA,WEST,Product SKU0026,Sports,,3,426.62,1279.8600000000001,2024-12-11
TXN00026,Spokane Store #15,Spokane,,UNKNOWN,Product SKU0035,Toys,,10,307.78,3077.7999999999997,2024-11-30
TXN00416,Atlanta Store #9,Atlanta,GA,SOUTH,Product SKU0003,Apparel,,3,343.79,1031.3700000000001,2024-05-23
TXN00018,Austin Store #11,Austin,TX,CENTRAL,,toys,,2,294.17,588.34,2024-09-14
TXN00050,Cincinnati Store #24,Cincinnati,OH,CENTRAL,,Toys,Brazil,20,286.71,5734.2,2024-07-26
TXN00278,Charlotte Store #17,Charlotte,NC,EAST,Product SKU0048,Apparel,,6,476.63,2859.7799999999997,2024-03-14
TXN00371,Chicago Store #22,Chicago,IL,CENTRAL,Product SKU0043,Sports,Brazil,18,70.83,1274.94,2024-06-27
TXN00246,Tampa Store #26,Tampa,FL,SOUTH,Product SKU0031,toys,,7,187.08,1309.5600000000002,2024-10-19
TXN00121,Albany Store #21,Albany,,UNKNOWN,Product SKU0029,SPORTS,Brazil,9,94.84,853.5600000000001,2024-10-26
TXN00394,Jersey City Store #10,,NJ,EAST,Product SKU0017,Apparel,Germany,12,258.84,3106.08,2024-09-11
TXN00083,Newark Store #7,Newark,NJ,EAST,Product SKU0005,Home & Kitchen,,19,346.85,6590.150000000001,2024-11-17
TXN00107,Tampa Store #8,Tampa,FL,SOUTH,Product SKU0008,Apparel,,18,383.4,6901.2,2024-11-06
TXN00378,Tampa Store #8,Tampa,FL,SOUTH,Product SKU0035,Toys,,7,378.42,2648.94,2024-01-29
TXN00181,Durham Store #28,Durham,NC,EAST,Product SKU0002,toys,,5,12.36,61.8,2024-05-01
TXN00396,Austin Store #11,Austin,TX,CENTRAL,Product SKU0027,Sports,,2,283.45,566.9,2024-04-23
TXN00372,San Diego Store #18,San Diego,CA,WEST,Product SKU0026,Sports,,17,68.04,1156.68,2024-04-24
TXN00431,Jersey City Store #10,,NJ,EAST,Product SKU0027,Sports,,13,390.69,5078.97,2024-10-13
TXN00367,Los Angeles Store #1,Los Angeles,CA,WEST,Product SKU0048,Apparel,,7,291.26,2038.82,2024-01-24
TXN00151,Tampa Store #8,Tampa,FL,SOUTH,Product SKU0032,electronics,,19,75.84,1440.96,2024-08-24
TXN00232,San Francisco Store #14,San Francisco,CA,WEST,Product SKU0050,electronics,,11,341.05,3751.55,2024-01-27
TXN00481,Austin Store #11,Austin,TX,CENTRAL,Product SKU0046,Electronics,,10,148.22,1482.2,2024-05-16
TXN00309,Jersey City Store #19,Jersey City,NJ,EAST,Product SKU0047,APPAREL,,11,98.97,1088.67,2024-03-22
TXN00055,Tampa Store #8,Tampa,FL,SOUTH,Product SKU0013,Sports,,5,17.09,85.45,2024-05-05
TXN00088,Charlotte Store #17,Charlotte,NC,EAST,Product SKU0042,toys,Germany,9,309.88,2788.92,2024-10-02
TXN00225,Miami Store #2,Miami,FL,SOUTH,,sports,,17,41.72,709.24,2024-08-24
TXN00174,Spokane Store #12,Spokane,WA,WEST,Product SKU0014,Toys,Brazil,15,225.12,3376.8,2024-04-30
TXN00137,San Diego Store #18,San Diego,CA,WEST,Product SKU0031,toys,,12,169.56,2034.72,2024-10-05
TXN00093,Atlanta Store #9,Atlanta,GA,SOUTH,Product SKU0036,Sports,Germany,1,260.73,260.73,2024-04-07
TXN00231,Charlotte Store #17,Charlotte,NC,EAST,,home & kitchen,,20,83.58,1671.6,2024-07-09
TXN00461,Austin Store #11,Austin,TX,CENTRAL,Product SKU0013,Sports,,15,61.41,921.15,2024-12-09
TXN00221,Miami Store #6,,FL,SOUTH,Product SKU0039,SPORTS,Brazil,5,381.31,1906.55,2024-12-01
TXN00153,San Diego Store #18,San Diego,CA,WEST,Product SKU0011,ELECTRONICS,Germany,3,223.66,670.98,2024-06-25
TXN00173,Chicago Store #16,Chicago,IL,CENTRAL,Product SKU0040,sports,Germany,14,469.83,6577.62,2024-05-23
TXN00433,Chicago Store #16,Chicago,IL,CENTRAL,Product SKU0010,ELECTRONICS,,3,87.77,263.31,2024-05-21
TXN00445,Orlando Store #13,Orlando,FL,SOUTH,Product SKU0035,Toys,,17,462.13,7856.21,2024-12-20
TXN00438,Newark Store #7,Newark,NJ,EAST,Product SKU0031,toys,,11,92.93,1022.23,2024-07-22
TXN00114,Tampa Store #26,Tampa,FL,SOUTH,Product SKU0041,ELECTRONICS,,19,332.29,6313.51,2024-04-11
TXN00279,Tampa Store #26,Tampa,FL,SOUTH,Product SKU0029,SPORTS,Brazil,2,67.48,134.96,2024-04-30
TXN00017,Jersey City Store #10,,NJ,EAST,Product SKU0014,Toys,Brazil,2,291.69,583.38,2024-10-04
TXN00348,Albany Store #21,Albany,,UNKNOWN,Product SKU0035,Toys,,17,249.49,4241.33,2024-03-09
TXN00432,Charlotte Store #17,Charlotte,NC,EAST,Product SKU0011,ELECTRONICS,Germany,13,88.9,1155.7,2024-05-17
TXN00467,Chicago Store #16,Chicago,IL,CENTRAL,Product SKU0041,ELECTRONICS,,18,348.25,6268.5,2024-11-26
TXN00229,Miami Store #2,Miami,FL,SOUTH,Product SKU0029,SPORTS,Brazil,4,406.43,1625.72,2024-06-24
TXN00212,Cincinnati Store #24,Cincinnati,OH,CENTRAL,Product SKU0028,SPORTS,,6,68.95,413.70000000000005,2024-09-29
TXN00057,San Francisco Store #23,San Francisco,CA,WEST,,APPAREL,,13,249.72,3246.36,2024-05-04
TXN00298,Miami Store #6,,FL,SOUTH,Product SKU0038,SPORTS,,19,81.33,1545.27,2024-12-03
TXN00324,Tampa Store #20,Tampa,FL,SOUTH,Product SKU0031,toys,,9,483.7,4353.3,2024-10-23
TXN00032,Spokane Store #15,Spokane,,UNKNOWN,Product SKU0036,Sports,Germany,14,282.65,3957.0999999999995,2024-02-27
TXN00281,Spokane Store #12,Spokane,WA,WEST,Product SKU0024,Home & Kitchen,,15,382.73,5740.950000000001,2024-10-20
TXN00247,Dallas Store #25,Dallas,TX,CENTRAL,Product SKU0019,electronics,,13,253.94,3301.22,2024-08-02
TXN00205,Jersey City Store #10,,NJ,EAST,Product SKU0047,APPAREL,,11,389.53,4284.83,2024-10-17
TXN00366,San Diego Store #18,San Diego,CA,WEST,Product SKU0030,toys,,10,363.02,3630.2,2024-07-21
TXN00277,Atlanta Store #9,Atlanta,GA,SOUTH,Product SKU0041,ELECTRONICS,,2,42.15,84.3,2024-11-22
TXN00487,Dallas Store #29,Dallas,TX,CENTRAL,Product SKU0024,Home & Kitchen,,15,475.38,7130.7,2024-06-16
TXN00182,Los Angeles Store #1,Los Angeles,CA,WEST,,Toys,Brazil,9,30.94,278.46000000000004,2024-08-03
TXN00387,Austin Store #11,Austin,TX,CENTRAL,Product SKU0042,toys,Germany,3,461.5,1384.5,2024-07-08
TXN00209,San Diego Store #4,San Diego,CA,WEST,Product SKU0019,electronics,,19,245.88,4671.72,2024-12-07
TXN00472,Dallas Store #25,Dallas,TX,CENTRAL,Product SKU0015,Home & Kitchen,Brazil,10,21.18,211.8,2024-04-25
TXN00400,Dallas Store #25,Dallas,TX,CENTRAL,Product SKU0032,electronics,,16,233.11,3729.76,2024-06-29
TXN00132,Atlanta Store #9,Atlanta,GA,SOUTH,Product SKU0027,Sports,,16,490.22,7843.52,2024-05-04
TXN00102,Los Angeles Store #1,Los Angeles,CA,WEST,Product SKU0046,Electronics,,18,67.66,1217.8799999999999,2024-01-24
TXN00184,San Diego Store #4,San Diego,CA,WEST,Product SKU0029,SPORTS,Brazil,17,114.67,1949.39,2024-11-10
TXN00473,Miami Store #6,,FL,SOUTH,Product SKU0050,electronics,,15,285.0,4275.0,2024-09-10
TXN00177,Newark Store #7,Newark,NJ,EAST,Product SKU0042,toys,Germany,20,485.69,9713.8,2024-01-26
TXN00410,Orlando Store #13,Orlando,FL,SOUTH,Product SKU0006,electronics,Germany,12,479.85,5758.200000000001,2024-08-23
TXN00203,Orlando Store #13,Orlando,FL,SOUTH,Product SKU0005,Home & Kitchen,,5,371.78,1858.8999999999999,2024-01-16
TXN00056,Durham Store #28,Durham,NC,EAST,Product SKU0050,electronics,,3,230.43,691.29,2024-11-18
TXN00011,Newark Store #7,Newark,NJ,EAST,Product SKU0013,Sports,,18,227.06,4087.08,2024-08-04
TXN00447,Tampa Store #8,Tampa,FL,SOUTH,Product SKU0043,Sports,Brazil,12,87.34,1048.08,2024-11-09
TXN00263,Orlando Store #13,Orlando,FL,SOUTH,Product SKU0031,toys,,2,319.66,639.32,2024-07-10
TXN00381,San Francisco Store #14,San Francisco,CA,WEST,Product SKU0020,electronics,Germany,9,35.17,316.53000000000003,2024-10-29
TXN00237,Orlando Store #13,Orlando,FL,SOUTH,Product SKU0042,toys,Germany,11,407.53,4482.83,2024-12-09
TXN00186,Chicago Store #16,Chicago,IL,CENTRAL,Product SKU0026,Sports,,14,344.62,4824.68,2024-09-08
TXN00421,Charlotte Store #17,Charlotte,NC,EAST,Product SKU0048,Apparel,,12,31.58,378.96,2024-08-11
TXN00119,Tampa Store #20,Tampa,FL,SOUTH,Product SKU0017,Apparel,Germany,1,50.21,50.21,2024-12-11
TXN00248,Newark Store #7,Newark,NJ,EAST,Product SKU0039,SPORTS,Brazil,5,437.14,2185.7,2024-01-27
TXN00190,San Francisco Store #23,San Francisco,CA,WEST,Product SKU0008,Apparel,,18,361.82,6512.76,2024-04-20
TXN00054,Albany Store #21,Albany,,UNKNOWN,Product SKU0040,sports,Germany,11,51.23,563.53,2024-04-30
TXN00286,Dallas Store #29,Dallas,TX,CENTRAL,Product SKU0046,Electronics,,15,498.64,7479.599999999999,2024-12-15
TXN00436,Los Angeles Store #1,Los Angeles,CA,WEST,Product SKU0026,Sports,,11,421.6,4637.6,2024-07-13
TXN00379,Jersey City Store #10,,NJ,EAST,Product SKU0015,Home & Kitchen,Brazil,19,162.86,3094.34,2024-11-02
TXN00208,San Francisco Store #14,San Francisco,CA,WEST,Product SKU0018,Sports,,7,378.7,2650.9,2024-02-28
TXN00259,San Diego Store #4,San Diego,CA,WEST,Product SKU0032,electronics,,20,270.35,5407.0,2024-11-19
TXN00375,Rockford Store #30,Rockford,IL,CENTRAL,Product SKU0047,APPAREL,,4,20.95,83.8,2024-12-04
TXN00480,Miami Store #2,Miami,FL,SOUTH,Product SKU0037,Sports,,12,268.48,3221.76,2024-11-01
TXN00194,San Diego Store #4,San Diego,CA,WEST,Product SKU0048,Apparel,,12,406.83,4881.96,2024-10-11
TXN00320,Austin Store #11,Austin,TX,CENTRAL,Product SKU0040,sports,Germany,11,85.44,939.8399999999999,2024-11-11
TXN00425,Orlando Store #13,Orlando,FL,SOUTH,Product SKU0006,electronics,Germany,20,151.21,3024.2000000000003,2024-05-06
TXN00222,Dallas Store #25,Dallas,TX,CENTRAL,Product SKU0041,ELECTRONICS,,16,234.66,3754.56,2024-10-15
TXN00251,Charlotte Store #17,Charlotte,NC,EAST,Product SKU0010,ELECTRONICS,,14,50.4,705.6,2024-04-23
TXN00235,Chicago Store #22,Chicago,IL,CENTRAL,Product SKU0010,ELECTRONICS,,12,158.56,1902.72,2024-12-01
TXN00070,Cincinnati Store #24,Cincinnati,OH,CENTRAL,Product SKU0035,Toys,,20,449.42,8988.4,2024-09-06
TXN00116,Miami Store #6,,FL,SOUTH,Product SKU0020,electronics,Germany,20,375.73,7514.6,2024-10-18
TXN00250,San Diego Store #4,San Diego,CA,WEST,Product SKU0019,electronics,,3,382.74,1148.22,2024-05-19
TXN00377,Spokane Store #15,Spokane,,UNKNOWN,Product SKU0039,SPORTS,Brazil,2,126.14,252.28,2024-01-23
TXN00219,Albany Store #21,Albany,,UNKNOWN,Product SKU0008,Apparel,,17,257.43,4376.31,2024-06-27
TXN00282,Spokane Store #12,Spokane,WA,WEST,Product SKU0026,Sports,,11,326.53,3591.83,2024-05-07
TXN00317,Austin Store #11,Austin,TX,CENTRAL,Product SKU0036,Sports,Germany,12,378.71,4544.5199999999995,2024-04-11
TXN00075,Newark Store #7,Newark,NJ,EAST,Product SKU0030,toys,,11,172.06,1892.66,2024-07-13
TXN00244,Miami Store #2,Miami,FL,SOUTH,Product SKU0027,Sports,,12,339.8,4077.6000000000004,2024-05-01
TXN00369,Jersey City Store #10,,NJ,EAST,Product SKU0027,Sports,,6,385.64,2313.84,2024-11-24
TXN00170,Miami Store #2,Miami,FL,SOUTH,Product SKU0020,electronics,Germany,16,62.48,999.68,2024-04-30
TXN00479,San Francisco Store #14,San Francisco,CA,WEST,Product SKU0011,ELECTRONICS,Germany,20,73.92,1478.4,2024-04-15
TXN00241,Durham Store #28,Durham,NC,EAST,Product SKU0007,sports,,17,386.58,6571.86,2024-09-26
TXN00454,Spokane Store #15,Spokane,,UNKNOWN,Product SKU0047,APPAREL,,15,162.86,2442.9,2024-06-02
TXN00439,Cincinnati Store #24,Cincinnati,OH,CENTRAL,,APPAREL,,16,484.04,7744.64,2024-05-04
TXN00020,Chicago Store #22,Chicago,IL,CENTRAL,Product SKU0016,Home & Kitchen,,13,64.34,836.4200000000001,2024-10-18
TXN00299,Dallas Store #29,Dallas,TX,CENTRAL,Product SKU0039,SPORTS,Brazil,11,422.05,4642.55,2024-10-15
TXN00444,San Francisco Store #14,San Francisco,CA,WEST,Product SKU0025,sports,,3,227.29,681.87,2024-11-02
TXN00293,Spokane Store #15,Spokane,,UNKNOWN,Product SKU0030,toys,,17,175.53,2984.01,2024-10-09
TXN00450,San Francisco Store #23,San Francisco,CA,WEST,Product SKU0037,Sports,,8,225.66,1805.28,2024-07-19
TXN00130,San Diego Store #18,San Diego,CA,WEST,Product SKU0027,Sports,,3,116.23,348.69,2024-02-28
TXN00149,San Francisco Store #14,San Francisco,CA,WEST,Product SKU0010,ELECTRONICS,,8,267.93,2143.44,2024-10-16
TXN00022,Charlotte Store #17,Charlotte,NC,EAST,Product SKU0021,SPORTS,Germany,9,106.11,954.99,2024-06-09
TXN00192,Cincinnati Store #24,Cincinnati,OH,CENTRAL,Product SKU0007,sports,,11,216.25,2378.75,2024-12-06
TXN00096,Tampa Store #8,Tampa,FL,SOUTH,Product SKU0026,Sports,,8,156.57,1252.56,2024-10-24
TXN00469,Miami Store #2,Miami,FL,SOUTH,,sports,,1,244.88,244.88,2024-04-09
TXN00446,Miami Store #2,Miami,FL,SOUTH,Product SKU0024,Home & Kitchen,,18,298.94,5380.92,2024-02-13
TXN00134,New York Store #5,New York,NY,EAST,Product SKU0005,Home & Kitchen,,9,387.47,3487.2300000000005,2024-07-31
TXN00411,San Francisco Store #23,San Francisco,CA,WEST,Product SKU0015,Home & Kitchen,Brazil,10,343.6,3436.0,2024-02-11
TXN00230,Charlotte Store #17,Charlotte,NC,EAST,Product SKU0042,toys,Germany,6,24.38,146.28,2024-12-28
TXN00012,Spokane Store #15,Spokane,,UNKNOWN,Product SKU0016,Home & Kitchen,,3,224.35,673.05,2024-10-08
TXN00283,Cincinnati Store #24,Cincinnati,OH,CENTRAL,,Toys,Brazil,16,261.28,4180.48,2024-10-14
TXN00465,Tampa Store #8,Tampa,FL,SOUTH,Product SKU0020,electronics,Germany,4,95.61,382.44,2024-12-21
TXN00183,Cincinnati Store #24,Cincinnati,OH,CENTRAL,Product SKU0005,Home & Kitchen,,16,226.9,3630.4,2024-07-04
TXN00426,San Diego Store #3,,CA,WEST,Product SKU0018,Sports,,5,193.1,965.5,2024-11-20
TXN00264,Los Angeles Store #1,Los Angeles,CA,WEST,,sports,,3,175.68,527.04,2024-12-02
TXN00108,Tampa Store #20,Tampa,FL,SOUTH,Product SKU0015,Home & Kitchen,Brazil,17,193.29,3285.93,2024-08-14
TXN00136,San Diego Store #27,San Diego,CA,WEST,Product SKU0038,SPORTS,,19,499.46,9489.74,2024-09-07
TXN00315,Orlando Store #13,Orlando,FL,SOUTH,Product SKU0033,Home & Kitchen,Germany,15,383.38,5750.7,2024-05-23
TXN00287,Spokane Store #12,Spokane,WA,WEST,Product SKU0046,Electronics,,3,277.25,831.75,2024-05-28
TXN00385,Tampa Store #8,Tampa,FL,SOUTH,Product SKU0020,electronics,Germany,5,403.86,2019.3000000000002,2024-01-30
TXN00267,Chicago Store #16,Chicago,IL,CENTRAL,Product SKU0041,ELECTRONICS,,6,406.69,2440.14,2024-02-02
TXN00218,Orlando Store #13,Orlando,FL,SOUTH,Product SKU0020,electronics,Germany,11,114.68,1261.48,2024-03-27
TXN00442,Spokane Store #15,Spokane,,UNKNOWN,Product SKU0019,electronics,,3,410.39,1231.17,2024-07-28
TXN00169,Albany Store #21,Albany,,UNKNOWN,Product SKU0030,toys,,10,326.37,3263.7,2024-02-29
TXN00195,San Diego Store #18,San Diego,CA,WEST,Product SKU0036,Sports,Germany,11,336.66,3703.26,2024-07-29
TXN00335,Rockford Store #30,Rockford,IL,CENTRAL,Product SKU0047,APPAREL,,9,147.46,1327.14,2024-10-20
TXN00274,Tampa Store #20,Tampa,FL,SOUTH,,Toys,Brazil,18,150.41,2707.38,2024-02-22
TXN00345,Cincinnati Store #24,Cincinnati,OH,CENTRAL,Product SKU0003,Apparel,,6,211.85,1271.1,2024-03-31
TXN00120,Los Angeles Store #1,Los Angeles,CA,WEST,Product SKU0049,Apparel,Brazil,9,290.24,2612.16,2024-03-30
TXN00013,Albany Store #21,Albany,,UNKNOWN,Product SKU0035,Toys,,1,484.65,484.65,2024-05-01
TXN00210,Tampa Store #8,Tampa,FL,SOUTH,Product SKU0026,Sports,,20,32.12,642.4,2024-04-14
TXN00004,Spokane Store #12,Spokane,WA,WEST,Product SKU0029,SPORTS,Brazil,17,228.49,3884.33,2024-05-06
TXN00486,Albany Store #21,Albany,,UNKNOWN,Product SKU0050,electronics,,3,204.41,613.23,2024-05-22
TXN00307,San Diego Store #4,San Diego,CA,WEST,Product SKU0018,Sports,,15,127.72,1915.8,2024-02-19
TXN00101,Jersey City Store #10,,NJ,EAST,Product SKU0007,sports,,7,151.64,1061.48,2024-07-03
TXN00253,Orlando Store #13,Orlando,FL,SOUTH,Product SKU0006,electronics,Germany,12,116.15,1393.8000000000002,2024-06-12
TXN00273,Spokane Store #12,Spokane,WA,WEST,,home & kitchen,,9,401.57,3614.13,2024-08-05
TXN00238,Cincinnati Store #24,Cincinnati,OH,CENTRAL,Product SKU0044,Electronics,Brazil,17,51.26,871.42,2024-12-09
TXN00125,Austin Store #11,Austin,TX,CENTRAL,Product SKU0008,Apparel,,13,433.13,5630.69,2024-01-01
TXN00156,Jersey City Store #10,,NJ,EAST,,APPAREL,,10,15.86,158.6,2024-12-03
TXN00150,Miami Store #6,,FL,SOUTH,Product SKU0011,ELECTRONICS,Germany,6,44.09,264.54,2024-07-14
TXN00103,Jersey City Store #10,,NJ,EAST,,APPAREL,,5,320.75,1603.75,2024-09-08
TXN00318,Orlando Store #13,Orlando,FL,SOUTH,Product SKU0033,Home & Kitchen,Germany,2,27.43,54.86,2024-03-11
TXN00373,Los Angeles Store #1,Los Angeles,CA,WEST,Product SKU0020,electronics,Germany,15,338.38,5075.7,2024-10-05
TXN00362,Rockford Store #30,Rockford,IL,CENTRAL,Product SKU0037,Sports,,4,35.57,142.28,2024-10-07
TXN00376,Dallas Store #25,Dallas,TX,CENTRAL,Product SKU0002,toys,,8,107.01,856.08,2024-02-21
TXN00160,Jersey City Store #10,,NJ,EAST,Product SKU0029,SPORTS,Brazil,2,291.89,583.78,2024-03-08
TXN00145,Austin Store #11,Austin,TX,CENTRAL,Product SKU0041,ELECTRONICS,,16,436.83,6989.28,2024-01-19
TXN00239,Spokane Store #12,Spokane,WA,WEST,Product SKU0002,toys,,12,157.89,1894.6799999999998,2024-04-19
TXN00413,Chicago Store #16,Chicago,IL,CENTRAL,,toys,,1,352.91,352.91,2024-02-12
TXN00306,Dallas Store #25,Dallas,TX,CENTRAL,Product SKU0024,Home & Kitchen,,17,283.02,4811.34,2024-06-12
TXN00343,Rockford Store #30,Rockford,IL,CENTRAL,Product SKU0031,toys,,16,327.02,5232.32,2024-05-27
TXN00297,New York Store #5,New York,NY,EAST,Product SKU0041,ELECTRONICS,,10,309.14,3091.3999999999996,2024-02-17
TXN00485,New York Store #5,New York,NY,EAST,Product SKU0037,Sports,,9,315.77,2841.93,2024-07-11
TXN00027,Chicago Store #22,Chicago,IL,CENTRAL,Product SKU0036,Sports,Germany,10,466.22,4662.200000000001,2024-02-23
TXN00258,San Diego Store #4,San Diego,CA,WEST,,toys,,8,212.81,1702.48,2024-11-14
TXN00351,Dallas Store #25,Dallas,TX,CENTRAL,Product SKU0013,Sports,,6,307.42,1844.52,2024-11-23
TXN00340,Tampa Store #8,Tampa,FL,SOUTH,Product SKU0016,Home & Kitchen,,2,336.57,673.14,2024-09-28
TXN00428,Spokane Store #12,Spokane,WA,WEST,Product SKU0049,Apparel,Brazil,9,55.6,500.40000000000003,2024-02-14
TXN00139,Tampa Store #8,Tampa,FL,SOUTH,Product SKU0050,electronics,,14,26.61,372.53999999999996,2024-08-30
TXN00164,San Diego Store #3,,CA,WEST,Product SKU0010,ELECTRONICS,,8,430.77,3446.16,2024-12-11
TXN00214,Spokane Store #15,Spokane,,UNKNOWN,Product SKU0005,Home & Kitchen,,11,290.0,3190.0,2024-10-20
TXN00477,Spokane Store #12,Spokane,WA,WEST,Product SKU0006,electronics,Germany,15,433.32,6499.8,2024-03-01
TXN00165,Tampa Store #26,Tampa,FL,SOUTH,Product SKU0036,Sports,Germany,12,49.7,596.4000000000001,2024-07-21
TXN00115,San Diego Store #18,San Diego,CA,WEST,Product SKU0015,Home & Kitchen,Brazil,5,454.66,2273.3,2024-03-13
TXN00215,Albany Store #21,Albany,,UNKNOWN,Product SKU0027,Sports,,10,62.01,620.1,2024-01-11
TXN00459,Jersey City Store #19,Jersey City,NJ,EAST,Product SKU0028,SPORTS,,13,7.2,93.60000000000001,2024-04-19
TXN00019,Miami Store #2,Miami,FL,SOUTH,Product SKU0033,Home & Kitchen,Germany,3,426.41,1279.23,2024-02-05
TXN00092,Newark Store #7,Newark,NJ,EAST,,sports,,9,173.47,1561.23,2024-11-01
TXN00077,San Diego Store #18,San Diego,CA,WEST,,toys,,12,115.99,1391.8799999999999,2024-02-05
TXN00470,Charlotte Store #17,Charlotte,NC,EAST,Product SKU0042,toys,Germany,16,207.52,3320.32,2024-09-08
TXN00187,Spokane Store #15,Spokane,,UNKNOWN,Product SKU0005,Home & Kitchen,,3,164.45,493.34999999999997,2024-03-16
TXN00412,Albany Store #21,Albany,,UNKNOWN,Product SKU0049,Apparel,Brazil,2,51.28,102.56,2024-07-13
TXN00363,Jersey City Store #19,Jersey City,NJ,EAST,Product SKU0035,Toys,,5,86.45,432.25,2024-09-23
TXN00415,Miami Store #2,Miami,FL,SOUTH,Product SKU0015,Home & Kitchen,Brazil,7,451.13,3157.91,2024-12-20
TXN00023,Orlando Store #13,Orlando,FL,SOUTH,Product SKU0009,Home & Kitchen,,10,231.33,2313.3,2024-02-07
TXN00002,Chicago Store #22,Chicago,IL,CENTRAL,Product SKU0031,toys,,18,86.74,1561.32,2024-09-27
TXN00443,New York Store #5,New York,NY,EAST,Product SKU0041,ELECTRONICS,,10,124.8,1248.0,2024-12-03
TXN00117,San Diego Store #4,San Diego,CA,WEST,Product SKU0030,toys,,10,351.37,3513.7,2024-05-19
TXN00392,Chicago Store #16,Chicago,IL,CENTRAL,Product SKU0016,Home & Kitchen,,20,353.37,7067.4,2024-07-22
TXN00294,Miami Store #6,,FL,SOUTH,Product SKU0050,electronics,,5,219.15,1095.75,2024-01-29
TXN00053,Tampa Store #26,Tampa,FL,SOUTH,Product SKU0048,Apparel,,6,331.13,1986.78,2024-05-25
TXN00131,Albany Store #21,Albany,,UNKNOWN,Product SKU0010,ELECTRONICS,,16,466.66,7466.56,2024-05-29
TXN00189,Charlotte Store #17,Charlotte,NC,EAST,Product SKU0019,electronics,,15,255.25,3828.75,2024-08-08
TXN00341,Tampa Store #8,Tampa,FL,SOUTH,,toys,,4,209.58,838.32,2024-08-29
TXN00291,Dallas Store #29,Dallas,TX,CENTRAL,Product SKU0006,electronics,Germany,3,158.1,474.29999999999995,2024-09-02
TXN00423,Austin Store #11,Austin,TX,CENTRAL,Product SKU0002,toys,,9,392.86,3535.7400000000002,2024-08-18
TXN00380,Austin Store #11,Austin,TX,CENTRAL,Product SKU0016,Home & Kitchen,,10,438.75,4387.5,2024-12-04
TXN00346,Orlando Store #13,Orlando,FL,SOUTH,Product SKU0032,electronics,,6,468.62,2811.7200000000003,2024-05-28
TXN00398,Jersey City Store #10,,NJ,EAST,Product SKU0010,ELECTRONICS,,7,168.28,1177.96,2024-07-13
TXN00296,Charlotte Store #17,Charlotte,NC,EAST,Product SKU0019,electronics,,3,129.05,387.15000000000003,2024-11-21
TXN00405,Albany Store #21,Albany,,UNKNOWN,Product SKU0043,Sports,Brazil,20,456.81,9136.2,2024-12-03
TXN00033,San Francisco Store #23,San Francisco,CA,WEST,Product SKU0010,ELECTRONICS,,18,22.83,410.93999999999994,2024-07-08
TXN00269,Rockford Store #30,Rockford,IL,CENTRAL,Product SKU0020,electronics,Germany,17,202.12,3436.04,2024-10-05
TXN00140,Tampa Store #26,Tampa,FL,SOUTH,Product SKU0025,sports,,13,494.26,6425.38,2024-11-29
TXN00468,Miami Store #6,,FL,SOUTH,Product SKU0032,electronics,,10,74.45,744.5,2024-06-10
TXN00172,Jersey City Store #19,Jersey City,NJ,EAST,Product SKU0048,Apparel,,5,443.28,2216.3999999999996,2024-12-01
TXN00016,San Francisco Store #23,San Francisco,CA,WEST,Product SKU0047,APPAREL,,18,332.63,5987.34,2024-09-06
TXN00061,Dallas Store #29,Dallas,TX,CENTRAL,Product SKU0029,SPORTS,Brazil,20,408.43,8168.6,2024-09-15
TXN00138,Rockford Store #30,Rockford,IL,CENTRAL,Product SKU0021,SPORTS,Germany,7,490.48,3433.36,2024-05-02
TXN00065,Austin Store #11,Austin,TX,CENTRAL,Product SKU0021,SPORTS,Germany,18,44.89,808.02,2024-03-18
TXN00191,Dallas Store #29,Dallas,TX,CENTRAL,Product SKU0015,Home & Kitchen,Brazil,14,172.77,2418.78,2024-08-20
TXN00086,Charlotte Store #17,Charlotte,NC,EAST,Product SKU0042,toys,Germany,11,11.26,123.86,2024-08-03
TXN00133,New York Store #5,New York,NY,EAST,Product SKU0025,sports,,7,461.32,3229.24,2024-09-17
TXN00265,Dallas Store #25,Dallas,TX,CENTRAL,Product SKU0038,SPORTS,,11,71.04,781.44,2024-06-29
TXN00268,Spokane Store #15,Spokane,,UNKNOWN,Product SKU0003,Apparel,,10,104.79,1047.9,2024-04-12
TXN00178,New York Store #5,New York,NY,EAST,Product SKU0037,Sports,,7,38.96,272.72,2024-10-10
TXN00255,Rockford Store #30,Rockford,IL,CENTRAL,Product SKU0031,toys,,5,380.63,1903.15,2024-08-28
TXN00084,San Francisco Store #23,San Francisco,CA,WEST,Product SKU0050,electronics,,10,425.9,4259.0,2024-11-03
TXN00006,San Diego Store #3,,CA,WEST,Product SKU0046,Electronics,,2,118.33,236.66,2024-01-17
TXN00071,San Francisco Store #14,San Francisco,CA,WEST,Product SKU0032,electronics,,1,197.48,197.48,2024-12-08
TXN00424,Spokane Store #12,Spokane,WA,WEST,Product SKU0036,Sports,Germany,13,218.76,2843.88,2024-12-14
TXN00062,Rockford Store #30,Rockford,IL,CENTRAL,Product SKU0036,Sports,Germany,15,449.12,6736.8,2024-08-31
TXN00090,Dallas Store #29,Dallas,TX,CENTRAL,Product SKU0029,SPORTS,Brazil,8,376.49,3011.92,2024-10-18
TXN00337,Jersey City Store #10,,NJ,EAST,Product SKU0046,Electronics,,3,176.45,529.3499999999999,2024-08-14
TXN00342,Dallas Store #25,Dallas,TX,CENTRAL,Product SKU0009,Home & Kitchen,,1,482.44,482.44,2024-03-21
TXN00368,San Francisco Store #23,San Francisco,CA,WEST,Product SKU0005,Home & Kitchen,,18,497.09,8947.619999999999,2024-02-05
TXN00029,San Francisco Store #23,San Francisco,CA,WEST,Product SKU0022,toys,,7,345.31,2417.17,2024-05-15
TXN00455,San Francisco Store #23,San Francisco,CA,WEST,Product SKU0008,Apparel,,1,425.34,425.34,2024-11-27
TXN00314,Miami Store #2,Miami,FL,SOUTH,Product SKU0037,Sports,,18,101.35,1824.3,2024-10-10
TXN00233,Austin Store #11,Austin,TX,CENTRAL,Product SKU0005,Home & Kitchen,,11,51.78,569.58,2024-12-13
TXN00060,New York Store #5,New York,NY,EAST,Product SKU0030,toys,,17,494.01,8398.17,2024-10-31
TXN00223,Chicago Store #22,Chicago,IL,CENTRAL,Product SKU0037,Sports,,20,164.99,3299.8,2024-11-17
TXN00126,San Diego Store #18,San Diego,CA,WEST,Product SKU0030,toys,,14,31.83,445.62,2024-09-22
TXN00030,Atlanta Store #9,Atlanta,GA,SOUTH,,toys,,3,318.97,956.9100000000001,2024-05-21
TXN00449,Los Angeles Store #1,Los Angeles,CA,WEST,Product SKU0007,sports,,9,114.89,1034.01,2024-01-15
TXN00224,Spokane Store #15,Spokane,,UNKNOWN,Product SKU0005,Home & Kitchen,,16,223.89,3582.24,2024-06-04
TXN00358,Tampa Store #20,Tampa,FL,SOUTH,Product SKU0015,Home & Kitchen,Brazil,8,478.89,3831.12,2024-09-01
TXN00382,Miami Store #6,,FL,SOUTH,Product SKU0041,ELECTRONICS,,14,280.15,3922.0999999999995,2024-01-25
TXN00034,New York Store #5,New York,NY,EAST,Product SKU0028,SPORTS,,5,25.71,128.55,2024-07-05
TXN00330,Austin Store #11,Austin,TX,CENTRAL,Product SKU0043,Sports,Brazil,16,265.11,4241.76,2024-06-09
TXN00349,Atlanta Store #9,Atlanta,GA,SOUTH,Product SKU0013,Sports,,4,168.69,674.76,2024-08-22
TXN00325,Cincinnati Store #24,Cincinnati,OH,CENTRAL,,toys,,19,242.82,4613.58,2024-09-25
TXN00408,Tampa Store #26,Tampa,FL,SOUTH,,Toys,Brazil,4,459.43,1837.72,2024-09-25
TXN00168,Tampa Store #20,Tampa,FL,SOUTH,Product SKU0036,Sports,Germany,11,458.05,5038.55,2024-04-23
TXN00388,Cincinnati Store #24,Cincinnati,OH,CENTRAL,Product SKU0013,Sports,,2,137.89,275.78,2024-12-10
TXN00080,San Francisco Store #23,San Francisco,CA,WEST,Product SKU0017,Apparel,Germany,12,88.06,1056.72,2024-11-06
TXN00105,Miami Store #2,Miami,FL,SOUTH,Product SKU0017,Apparel,Germany,16,61.47,983.52,2024-02-03
TXN00262,Spokane Store #12,Spokane,WA,WEST,Product SKU0005,Home & Kitchen,,17,274.32,4663.44,2024-09-16
TXN00041,Atlanta Store #9,Atlanta,GA,SOUTH,Product SKU0005,Home & Kitchen,,9,178.82,1609.3799999999999,2024-09-17
TXN00159,Tampa Store #20,Tampa,FL,SOUTH,Product SKU0017,Apparel,Germany,5,315.98,1579.9,2024-11-17
TXN00390,San Diego Store #18,San Diego,CA,WEST,Product SKU0014,Toys,Brazil,16,108.4,1734.4,2024-06-19
TXN00143,New York Store #5,New York,NY,EAST,Product SKU0027,Sports,,5,42.04,210.2,2024-05-15
TXN00079,Tampa Store #8,Tampa,FL,SOUTH,Product SKU0009,Home & Kitchen,,16,336.38,5382.08,2024-10-15
TXN00483,Durham Store #28,Durham,NC,EAST,Product SKU0042,toys,Germany,5,352.21,1761.05,2024-03-08
TXN00276,Spokane Store #15,Spokane,,UNKNOWN,,sports,,15,25.97,389.54999999999995,2024-06-29
TXN00275,Chicago Store #22,Chicago,IL,CENTRAL,Product SKU0019,electronics,,10,225.73,2257.2999999999997,2024-08-06
TXN00328,New York Store #5,New York,NY,EAST,Product SKU0027,Sports,,7,208.14,1456.98,2024-11-09
TXN00043,Jersey City Store #19,Jersey City,NJ,EAST,Product SKU0017,Apparel,Germany,2,58.66,117.32,2024-08-10
TXN00206,Dallas Store #29,Dallas,TX,CENTRAL,,toys,,5,82.92,414.6,2024-11-12
TXN00360,San Diego Store #18,San Diego,CA,WEST,Product SKU0043,Sports,Brazil,7,382.12,2674.84,2024-12-14
TXN00217,Durham Store #28,Durham,NC,EAST,Product SKU0007,sports,,8,220.66,1765.28,2024-07-24
TXN00213,Charlotte Store #17,Charlotte,NC,EAST,Product SKU0036,Sports,Germany,12,40.68,488.15999999999997,2024-01-22
TXN00393,Austin Store #11,Austin,TX,CENTRAL,Product SKU0050,electronics,,10,193.43,1934.3000000000002,2024-09-30
TXN00257,Tampa Store #20,Tampa,FL,SOUTH,,home & kitchen,,14,60.04,840.56,2024-05-27
TXN00365,Miami Store #2,Miami,FL,SOUTH,Product SKU0030,toys,,5,259.06,1295.3,2024-08-21
TXN00488,Durham Store #28,Durham,NC,EAST,Product SKU0050,electronics,,3,366.81,1100.43,2024-08-22
TXN00147,Dallas Store #25,Dallas,TX,CENTRAL,Product SKU0041,ELECTRONICS,,4,224.62,898.48,2024-12-21
TXN00260,Tampa Store #8,Tampa,FL,SOUTH,Product SKU0046,Electronics,,5,149.18,745.9000000000001,2024-01-01
TXN00204,Charlotte Store #17,Charlotte,NC,EAST,Product SKU0014,Toys,Brazil,13,212.82,2766.66,2024-06-23
TXN00031,Austin Store #11,Austin,TX,CENTRAL,Product SKU0050,electronics,,5,320.37,1601.85,2024-05-14
TXN00021,Tampa Store #20,Tampa,FL,SOUTH,Product SKU0003,Apparel,,20,45.58,911.5999999999999,2024-12-02
TXN00111,Miami Store #6,,FL,SOUTH,Product SKU0016,Home & Kitchen,,6,278.24,1669.44,2024-03-21
TXN00135,Tampa Store #26,Tampa,FL,SOUTH,Product SKU0033,Home & Kitchen,Germany,9,411.17,3700.53,2024-05-24
TXN00008,Cincinnati Store #24,Cincinnati,OH,CENTRAL,Product SKU0037,Sports,,19,238.97,4540.43,2024-08-30
TXN00035,Spokane Store #12,Spokane,WA,WEST,Product SKU0014,Toys,Brazil,8,335.13,2681.04,2024-06-30
TXN00301,Albany Store #21,Albany,,UNKNOWN,Product SKU0014,Toys,Brazil,19,211.21,4012.9900000000002,2024-11-23
TXN00038,Chicago Store #22,Chicago,IL,CENTRAL,Product SKU0048,Apparel,,8,137.07,1096.56,2024-12-25
TXN00395,Tampa Store #26,Tampa,FL,SOUTH,Product SKU0047,APPAREL,,16,382.01,6112.16,2024-06-12
TXN00242,Austin Store #11,Austin,TX,CENTRAL,Product SKU0050,electronics,,20,69.87,1397.4,2024-07-11
TXN00089,San Francisco Store #14,San Francisco,CA,WEST,Product SKU0047,APPAREL,,19,137.86,2619.34,2024-05-05
TXN00280,Spokane Store #12,Spokane,WA,WEST,Product SKU0025,sports,,19,21.03,399.57000000000005,2024-03-19
TXN00188,Atlanta Store #9,Atlanta,GA,SOUTH,Product SKU0040,sports,Germany,19,276.44,5252.36,2024-06-15
TXN00216,Tampa Store #26,Tampa,FL,SOUTH,Product SKU0040,sports,Germany,15,416.85,6252.75,2024-07-04
TXN00292,Dallas Store #25,Dallas,TX,CENTRAL,Product SKU0027,Sports,,19,41.51,788.6899999999999,2024-06-11
TXN00199,Dallas Store #25,Dallas,TX,CENTRAL,Product SKU0018,Sports,,19,116.95,2222.05,2024-08-07
TXN00163,San Diego Store #27,San Diego,CA,WEST,Product SKU0031,toys,,10,374.55,3745.5,2024-06-22
TXN00185,Tampa Store #26,Tampa,FL,SOUTH,Product SKU0043,Sports,Brazil,17,154.31,2623.27,2024-01-15
TXN00007,Charlotte Store #17,Charlotte,NC,EAST,Product SKU0016,Home & Kitchen,,9,336.14,3025.2599999999998,2024-04-19
TXN00271,Atlanta Store #9,Atlanta,GA,SOUTH,Product SKU0008,Apparel,,12,221.29,2655.48,2024-07-23
TXN00305,New York Store #5,New York,NY,EAST,Product SKU0021,SPORTS,Germany,11,368.43,4052.73,2024-06-25
TXN00327,Jersey City Store #19,Jersey City,NJ,EAST,,APPAREL,,4,99.44,397.76,2024-08-13
TXN00256,Los Angeles Store #1,Los Angeles,CA,WEST,Product SKU0006,electronics,Germany,1,131.68,131.68,2024-03-17
TXN00124,Chicago Store #22,Chicago,IL,CENTRAL,Product SKU0026,Sports,,18,23.17,417.06000000000006,2024-02-15
TXN00058,San Francisco Store #23,San Francisco,CA,WEST,Product SKU0001,Apparel,,4,390.32,1561.28,2024-04-22
TXN00198,Chicago Store #16,Chicago,IL,CENTRAL,Product SKU0015,Home & Kitchen,Brazil,4,178.31,713.24,2024-10-11
TXN00254,San Francisco Store #23,San Francisco,CA,WEST,Product SKU0042,toys,Germany,11,396.73,4364.030000000001,2024-03-11
TXN00123,Chicago Store #22,Chicago,IL,CENTRAL,Product SKU0007,sports,,6,168.25,1009.5,2024-12-21
TXN00407,Atlanta Store #9,Atlanta,GA,SOUTH,Product SKU0035,Toys,,10,13.49,134.9,2024-12-23
TXN00028,San Diego Store #4,San Diego,CA,WEST,Product SKU0007,sports,,18,81.95,1475.1000000000001,2024-05-24
TXN00462,Albany Store #21,Albany,,UNKNOWN,Product SKU0021,SPORTS,Germany,20,197.38,3947.6,2024-07-19
TXN00152,Spokane Store #15,Spokane,,UNKNOWN,Product SKU0017,Apparel,Germany,1,449.96,449.96,2024-08-26
TXN00201,Rockford Store #30,Rockford,IL,CENTRAL,Product SKU0043,Sports,Brazil,9,19.33,173.96999999999997,2024-05-19
TXN00383,Chicago Store #22,Chicago,IL,CENTRAL,Product SKU0025,sports,,17,162.77,2767.09,2024-08-01
TXN00097,San Diego Store #18,San Diego,CA,WEST,,home & kitchen,,12,215.62,2587.44,2024-10-08
TXN00261,Tampa Store #8,Tampa,FL,SOUTH,Product SKU0037,Sports,,14,97.72,1368.08,2024-12-08
TXN00311,Spokane Store #15,Spokane,,UNKNOWN,Product SKU0016,Home & Kitchen,,7,293.76,2056.3199999999997,2024-01-25
TXN00266,San Diego Store #27,San Diego,CA,WEST,Product SKU0042,toys,Germany,6,416.04,2496.2400000000002,2024-12-16
TXN00106,San Diego Store #3,,CA,WEST,Product SKU0037,Sports,,2,80.1,160.2,2024-10-15
TXN00338,Cincinnati Store #24,Cincinnati,OH,CENTRAL,Product SKU0031,toys,,7,105.02,735.14,2024-10-02
TXN00434,Chicago Store #16,Chicago,IL,CENTRAL,Product SKU0005,Home & Kitchen,,12,129.59,1555.08,2024-05-06
TXN00435,Chicago Store #16,Chicago,IL,CENTRAL,Product SKU0039,SPORTS,Brazil,20,101.8,2036.0,2024-02-24
TXN00014,Chicago Store #16,Chicago,IL,CENTRAL,Product SKU0031,toys,,7,433.0,3031.0,2024-01-31
TXN00354,Tampa Store #8,Tampa,FL,SOUTH,Product SKU0029,SPORTS,Brazil,9,477.25,4295.25,2024-06-03
TXN00399,Tampa Store #8,Tampa,FL,SOUTH,Product SKU0032,electronics,,18,329.03,5922.539999999999,2024-12-16
TXN00146,Tampa Store #8,Tampa,FL,SOUTH,Product SKU0041,ELECTRONICS,,10,498.73,4987.3,2024-02-16
TXN00312,Chicago Store #16,Chicago,IL,CENTRAL,Product SKU0039,SPORTS,Brazil,16,146.45,2343.2,2024-01-05
TXN00490,San Diego Store #27,San Diego,CA,WEST,Product SKU0014,Toys,Brazil,16,137.93,2206.88,2024-05-25
TXN00308,Orlando Store #13,Orlando,FL,SOUTH,Product SKU0040,sports,Germany,14,127.89,1790.46,2024-03-22
TXN00284,Dallas Store #25,Dallas,TX,CENTRAL,Product SKU0017,Apparel,Germany,15,111.21,1668.1499999999999,2024-11-09
TXN00128,New York Store #5,New York,NY,EAST,Product SKU0019,electronics,,15,441.02,6615.299999999999,2024-09-05
TXN00044,Tampa Store #26,Tampa,FL,SOUTH,Product SKU0021,SPORTS,Germany,14,305.07,4270.98,2024-09-18
TXN00331,Rockford Store #30,Rockford,IL,CENTRAL,Product SKU0035,Toys,,11,275.41,3029.51,2024-12-12
TXN00142,Durham Store #28,Durham,NC,EAST,Product SKU0029,SPORTS,Brazil,4,265.35,1061.4,2024-08-21
TXN00127,Dallas Store #25,Dallas,TX,CENTRAL,Product SKU0032,electronics,,15,381.2,5718.0,2024-04-14
TXN00475,San Diego Store #27,San Diego,CA,WEST,Product SKU0049,Apparel,Brazil,2,381.2,762.4,2024-08-13
TXN00406,Los Angeles Store #1,Los Angeles,CA,WEST,Product SKU0035,Toys,,18,208.61,3754.9800000000005,2024-01-09
TXN00162,Spokane Store #12,Spokane,WA,WEST,,home & kitchen,,17,457.18,7772.06,2024-03-25
TXN00374,Orlando Store #13,Orlando,FL,SOUTH,Product SKU0015,Home & Kitchen,Brazil,8,233.01,1864.08,2024-03-20
TXN00302,Dallas Store #29,Dallas,TX,CENTRAL,Product SKU0041,ELECTRONICS,,18,148.39,2671.0199999999995,2024-06-03
TXN00072,Orlando Store #13,Orlando,FL,SOUTH,Product SKU0047,APPAREL,,6,421.05,2526.3,2024-03-06
TXN00052,Austin Store #11,Austin,TX,CENTRAL,Product SKU0030,toys,,15,223.87,3358.05,2024-04-19
TXN00460,Dallas Store #25,Dallas,TX,CENTRAL,Product SKU0046,Electronics,,3,290.79,872.3700000000001,2024-10-01
TXN00045,Dallas Store #29,Dallas,TX,CENTRAL,Product SKU0037,Sports,,7,131.09,917.63,2024-12-28
TXN00112,Spokane Store #15,Spokane,,UNKNOWN,,APPAREL,,20,237.61,4752.200000000001,2024-01-17
TXN00441,San Diego Store #18,San Diego,CA,WEST,,Toys,Brazil,18,18.32,329.76,2024-08-24
TXN00227,Charlotte Store #17,Charlotte,NC,EAST,Product SKU0025,sports,,15,292.26,4383.9,2024-01-22
TXN00352,San Francisco Store #14,San Francisco,CA,WEST,Product SKU0033,Home & Kitchen,Germany,11,47.94,527.3399999999999,2024-12-08
TXN00316,Tampa Store #20,Tampa,FL,SOUTH,Product SKU0008,Apparel,,5,487.67,2438.35,2024-07-20
TXN00211,Dallas Store #25,Dallas,TX,CENTRAL,Product SKU0009,Home & Kitchen,,9,148.28,1334.52,2024-03-02
TXN00471,San Diego Store #27,San Diego,CA,WEST,Product SKU0029,SPORTS,Brazil,16,87.79,1404.64,2024-10-16
TXN00078,Dallas Store #25,Dallas,TX,CENTRAL,Product SKU0002,toys,,8,103.68,829.44,2024-01-11
TXN00384,Jersey City Store #10,,NJ,EAST,Product SKU0025,sports,,6,378.44,2270.64,2024-08-30
TXN00322,San Francisco Store #23,San Francisco,CA,WEST,Product SKU0037,Sports,,10,240.07,2400.7,2024-01-09
TXN00370,San Francisco Store #14,San Francisco,CA,WEST,Product SKU0024,Home & Kitchen,,13,227.03,2951.39,2024-07-12
TXN00180,Durham Store #28,Durham,NC,EAST,Product SKU0010,ELECTRONICS,,5,272.41,1362.0500000000002,2024-03-30
TXN00085,Jersey City Store #19,Jersey City,NJ,EAST,Product SKU0003,Apparel,,12,268.71,3224.5199999999995,2024-12-04
TXN00313,New York Store #5,New York,NY,EAST,Product SKU0017,Apparel,Germany,12,383.11,4597.32,2024-07-06
TXN00005,Austin Store #11,Austin,TX,CENTRAL,Product SKU0002,toys,,19,279.19,5304.61,2024-10-28
TXN00289,Newark Store #7,Newark,NJ,EAST,Product SKU0009,Home & Kitchen,,8,396.23,3169.84,2024-01-14
TXN00272,Dallas Store #29,Dallas,TX,CENTRAL,Product SKU0025,sports,,11,486.99,5356.89,2024-09-11
TXN00036,Durham Store #28,Durham,NC,EAST,Product SKU0027,Sports,,20,375.99,7519.8,2024-05-01
TXN00074,San Francisco Store #14,San Francisco,CA,WEST,Product SKU0009,Home & Kitchen,,15,94.96,1424.3999999999999,2024-05-13
TXN00347,Jersey City Store #10,,NJ,EAST,Product SKU0037,Sports,,20,58.11,1162.2,2024-06-20
TXN00329,Durham Store #28,Durham,NC,EAST,Product SKU0048,Apparel,,2,354.36,708.72,2024-09-22
TXN00069,Los Angeles Store #1,Los Angeles,CA,WEST,,sports,,10,377.97,3779.7000000000003,2024-08-02
TXN00386,San Francisco Store #14,San Francisco,CA,WEST,Product SKU0036,Sports,Germany,17,71.38,1213.46,2024-05-04
